,sample_size,mean_difference,std_difference,t_statistic,p_value,ci_lower,ci_upper,effect_size,normality_test_p,wilcoxon_statistic,wilcoxon_p
0,485381,0.0051918878623282835,0.13294205865751063,27.208480591616336,6.839724544935674e-163,0.004817889080484063,0.005565886644172504,0.039053764585546116,0.0,52517472305.0,0.0
